id	name
33qOK5uJ8AR2xuQQAhHump	Teddy Swims
3y2cIKLjiOlp1Np37WiUdH	Shaboozey
22wbnEMDvgVIAGdFeek6ET	Benson Boone
246dkjvS1zLTtiykXe5h60	Post Malone
4oUHIQIBe0LHzYfvXNW4QM	Morgan Wallen
2LIk90788K0zvyj2JJVwkJ	Jack Harlow
2YZyLoL8N0Wb9xBt1NhZWg	Kendrick Lamar
74KM79TiuVKeVCqs8QtB0B	Sabrina Carpenter
1WaFQSHVGZQJTbf0BdxdNo	Tommy Richman
2FXC3k01G6Gw61bmprjgqS	Hozier
2RQXRUsr4IW1f3mKyKsy4B	Noah Kahan
45dkTj5sMRSjrmBSBeiHym	Tate McRae
1RyvyyTE3xzB2ZywiAwp0i	Future
0iEtIxbK0KxaSlF7G42ZOp	Metro Boomin
6qqNVTkY8uBg9cP3Jd7DAH	Billie Eilish
5cj0lLjcoR7YOSnhnX0Po5	Doja Cat
7GlBOeep6PqTfFi59PTUUN	Chappell Roan
7tYKF4w9nC0nq9CsPZTHyP	SZA
06HL4z0CvFAxyc27GXpf02	Taylor Swift
3SozjO3Lat463tQICI9LcE	Tyla
66CXWjxzNUsdJxJ2JdwvnR	Ariana Grande
7Ez6lTtSMjMf2YSYpukP1I	Dasha
4GGfAshSkqoxpZdoaHm7ky	ERNEST
40ZNYROS4zLfyyBSs2PGe2	Zach Bryan
6vWDO969PvNqNYHIOW5v0m	Beyoncé
64KEffDW9EtZ1y2vBYgq8T	Marshmello
3oSJ7TBVCWMDMiYjXNiCKE	Kane Brown
2yLzlEFtIS0Q9UkyBZdQA7	Jessie Murph
19k8AgwwTSxeaxkOuCQEJs	Jelly Roll
718COspgdWOnwOFpJHRZHS	Luke Combs
4xPQFgDA5M2xa0ZGo5iIsv	¥$
5K4W6rqBFWDnAN6FQUkS6x	Kanye West
7c0XG5cIJTrrAgEC3ULPiq	Ty Dolla $ign
7dGJo4pcD2V6oG8kP0tJRR	Eminem
2qoQgPAilErOKCwE2Y8wOG	GloRilla
181bsRPaVXVlUKXrxwZfHK	Megan Thee Stallion
1URnnhqYAYcrqrcwql10ft	21 Savage
6M2wZ9GZgrQXHCFfjv46we	Dua Lipa
3TVXtAsR1Inumwj472S9r4	Drake
3DbwFQlvLxRSi2uX8mf81A	Sexyy Red
5p9HO3XC5P3BLxJs5Mtrhm	Djo
08PvCOlef4xdOr20jFSTPd	Flo Milli
0Y5tJX1MQlPlqiwlOH1tJY	Travis Scott
699OTQXzgjhIYAHMy9RyPD	Playboi Carti
7CvTknweLr9feJtRGrpDBy	FloyyMenor
1Yj5Xey7kTwvZla8sqdsdE	Cris MJ
7tjVFCxJdwT4NdrTmjyjQ6	Muni Long
2EMAnMvWE2eb56ToJVfCWs	Bryson Tiller
7kplJl06UmldxLKseURAYi	Warren Zeiders
6l3HvQ5sa6mXTsMTB19rO5	J. Cole
1HY2Jd0NmPuamShAr6KMms	Lady Gaga
0du5cEVh5yTK9QJze8zA0C	Bruno Mars
0PCCGZ0wGLizHt2KZ7hhA2	Artemas
6tPHARSq45lQ8BSALCfkFC	Lainey Wilson
5QNm7E7RU2m64l6Gliu8Oy	HARDY
0hCNtLu0JehylgoiP8L4Gh	Nicki Minaj
4O15NlyKLIASxsJ0PrXPfz	Lil Uzi Vert
3Me35AWHCGqW4sZ7bWWJt1	Xavi
3bO19AOone0ubCsfDXDtYt	Myles Smith
1UTPBmNbXNTittyMJrNkvw	Blake Shelton
4YLtscXsxbVgi031ovDDdh	Chris Stapleton
4zoRNhOhsGX3w8yBAnFSQ8	Paul Russell
23zg3TcAtWQy7J6upgbUnj	USHER
57LYzLEk2LcFghVwuWbcuS	Summer Walker
5fi7lIgJGH3RgUpJYcffQ7	4batz
1Tie3AZgLQZqYEp8Fv4zOZ	Koe Wetzel
4q3ewBCX7sLwd24euuV69X	Bad Bunny
3qiHUAX7zY4Qnjx8TNUzVx	Yeat
0Z8XVUAOBPM4x12wKnFHEQ	Parker McCollum
3win9vGIxFfBRag9S63wwf	Bailey Zimmerman
4NYMUsIcUUsBHbV9DICa5x	Nate Smith
63XBtGSEZINSyXylZxEUbv	Victoria Monét
4sCKpwwEsgReZxjtKFm2A0	Tucker Wetmore
6zLBxLdl60ekBLpawtT63I	Cody Johnson
2hlmm7s2ICUX0LVIhVFlZQ	Gunna
2uYWxilOVlUdk4oV9DvwqK	Mitski
0jPHHnU8GUWEF7rwPE9osY	Jordan Adetunji
790FomKkXshlbRYZFtlgla	KAROL G
5YGY8feqx7naU7z4HrwZM6	Miley Cyrus
4j96cMcT8GRi11qbvo1cLQ	Michael Marcagi
6U3ybJ9UHNKEdsH7ktGBZ7	JID
3IJ21966TwNZI24MwZHMu4	Baby Tate
3tJoFztHeIJkJWMrx0td2f	Moneybagg Yo
5H4yInM5zmHqpKIoMNAx4r	Central Cee
5f7VJjfbwm532GiveGC0ZK	Lil Baby
1Xyo4u8uXC1ZmMpatF05PJ	The Weeknd
46pWGuE3dSwY3bMMXGBvVS	Rema
0C8ZW7ezQVs4URX5aX7Kqx	Selena Gomez
1Cs0zKBU1kc0i8ypK3B9ai	David Guetta
64M6ah0SkkRsnPGtGiRAbb	Bebe Rexha
2wY79sveU1sp5g7SokKOiI	Sam Smith
3Xt3RrJMFv5SZkCfUE8C1J	Kim Petras
6KImCVD70vtIoJWnq6nGn3	Harry Styles
7bXgB6jMjp9ATFy66eO08Z	Chris Brown
78rUTD7y6Cy67W1RVzYs7t	PinkPantheress
3LZZPxNDGDFVSIPqf4JuEf	Ice Spice
6BH1xcDkwbbyrLMUKECsW1	Toosii
2GB8NPGTvSHk3KwmxtVvaB	Katelyn Brown
360IAlyVv4PCEVjgyMZrxK	Miguel
3hcs9uc56yIGFCSy9leWe7	Lil Durk
0XeEobZplHxzM9QzFQWLiR	Eslabon Armado
12GqGscKJx3aE4t07u7eVZ	Peso Pluma
1McMsnEElThX1knmY4oliG	Olivia Rodrigo
6AMd49uBDJfhf30Ak2QR5s	Coi Leray
57vWImR43h4CaDao012Ofp	Steve Lacy
1NNRWkhwmcXRimFYSBpB1y	Yng Lvcas
164Uj4eKjl6zTBKfJLFKKK	JVKE
4GJ6xDCF5jaUqD6avOuQT6	FIFTY FIFTY
6kBjAFKyd0he7LiA5GQ3Gz	Aqua
77kULmXAQ6vWer7IIHdGzI	Jordan Davis
5KKpBU5eC2tJDzf0wmlRp2	RAYE
12Zk1DFhCbHY6v3xep2ZjI	070 Shake
6XkjpgcEsYab502Vr1bBeW	Grupo Frontera
5XKFrudbV4IiuE5WuTPRmT	Stephen Sanchez
6JL8zeS1NmiOftqZTRgdTz	Meghan Trainor
4iHNK0tOyZPYnBU7nGAgpQ	Mariah Carey
4cPHsZM98sKzmV26wlwD2W	Brenda Lee
3BEV5FcxOtkQJ7lLRKMh3V	Tyler Hubbard
33NVpKoXjItPwUJTMZIOiY	David Kushner
5pKCCKE2ajJHZ9KAiaK11H	Rihanna
6eUKZXaKkcviH0Ku9w2n3V	Ed Sheeran
0EmeFodog0BfCgMzAIvKQp	Shakira
3FfvYsEGaIb52QPXhg4DcH	Jason Aldean
5Ppie0uPnbnvGBYRwYmlt0	Megan Moroney
38EmEgXkgK51MT2tPY0EoC	Bobby Helms
4kYSro6naA4h99UJvo89HB	Cardi B
0MHgLfmQdutffmvWe5XBTN	Burl Ives
0ys2OFYzWYB5hRDLCsBqxt	Fuerza Regida
70kkdajctXSbqSMJbQO424	Kacey Musgraves
4E2rKHVDssGJm2SCDOMMJB	Doechii
46SHBwWsqBkxI7EeeBEQG7	Kodak Black
6IkfE2JyVoKwBZXvuytKX3	Oliver Anthony Music
6HaGTQPmzraVmaVxvz6EUc	Jung Kook
3MdXrJWsbVzdn6fe5JYkSQ	Latto
687cZJR45JO7jhk1LHIbgq	Tems
5lpH0xAS4fVfLkACg9DAuM	Wham!
6y8XlgIV8BLlIg1tT1R10i	Old Dominion
1YRqgFNXqRyMDRr8ClS1NL	Kaliii
0elWFr7TW8piilVRYJUe4P	Natanael Cano
3sUpZrkehiGBaMzs2h9Mmc	Corey Kent
5yPzzu25VzEk8qrGTLIrE1	Young Nudy
716NhGYqD1jl2wI1Qkgq36	Bizarrap
4yvcSjfu4PC0CYQyLy4wSq	Glass Animals
2tIP7SsRs7vjIcLrU85W8J	The Kid LAROI
1uNFoZAHBGtllmzznpCI3s	Justin Bieber
4dpARuHxo51G3z768sgnrY	Adele
3PhoLpVuITZKcymswpck5b	Elton John
6n28c9qs9hNGriNa72b26u	PNAU
56oDRnqbIiwx4mymNEv7dS	Lizzo
7jVv8c5Fj3E9VhNjxT4snq	Lil Nas X
53XhwfbYqKCa1cC15pYq2q	Imagine Dragons
57nPqD7z62gDdq37US9XJR	Arcane
47mIJdHORyRerp4os813jD	League of Legends
2VSHKHBTiXWplO8lxcnUC9	GAYLE
37230BxxYs9ksS7OkZw3IU	Chencho Corleone
1aSxMhuvixZ8h9dK9jIDwL	Kate Bush
29PgYEggDV3cDP9QYTogwv	Carolina Gaitán - La Gaita
36CUTsdtNgCwMq6zKD1l8I	Mauro Castillo
72kqSqk124Vnl1wtT6q9Fh	Adassa
2as15AH2BTrPk8v4gyElmr	Rhenzy Feliz
18MFcGBHtyW0mU3ufcm0X1	Diane Guerrero
5PYToRCsrnvikZg3yl2JMr	Stephanie Beatriz
3xLU748QxpTmIVaiNXXg0P	Encanto - Cast
7qmpXeNz2ojlMl2EEfkeLs	Nicky Youre
38PzLQE4GW8o7A18oGhi0x	hey daisy
7o2ZQYM7nTsaVdkXY38UAA	Em Beihold
7sKxqpSqbIzphAKAhrqvlf	Walker Hayes
5Pwc4xIPtQLFEnJriah9YJ	OneRepublic
3jK9MiCrA42lLAdMGUZpwa	Anderson .Paak
6PvvGcCY2XtUcSRld1Wilr	Silk Sonic
1mfDfLsMxYcOOZkzBxvSVW	Cole Swindell
50co4Is1HCEo8bhOyUWKpn	Young Thug
0BvkDsjIUla7X0k6CSWh1I	Luke Bryan
2W8yFh0Ga6Yf3jiayVxwkE	Dove Cameron
3MZsBdqDrRTJihTHQrO6Dq	Joji
4vdAAzZBUKbsrvHi6UR7B7	Jessica Darrow
048LktY5zMnakWq7PTtFrz	CKay
4obzFoKoKRHIphyHzJ35G3	Becky G
08Ld63UgKrJ0nZnCkzHtzc	Project Pat
3tVQdUvClmAT7URs9V3rsp	Wizkid
4nDoRrQiYLoBzwC5BhVJzF	Camila Cabello
5H6xmHXjsq98NLbEjuE29f	NEIKED
1BEUkE2CSUgHTLSBMZdnFB	Mae Muller
6AgTAQt8XS6jRWi4sX7w49	Polo G
64H8UqGLbJFHwKtGxiV8OP	THE ANXIETY
3rWZHrfrsPBxVy692yAIxF	WILLOW
1xoxekeb8jUVHKJB7m6bfg	Tyler Cole
79AyR6ATpj2LTPxfb6FX50	Lauren Spencer Smith
1mcTU81TzQhprhouKaTkpq	Rauw Alejandro
4TshyQDihSYXSWqvclXl3I	Parmalee
5n9bMYfz9qss2VOW89EVs2	Bomba Estéreo
1E2AEtxaFaJtH0lO7kgNKw	Russell Dickerson
0DxPHf2flBAcV2SnZPg3SV	Jake Scott
6ZV6lGY0prbqpTD0Md8i29	Scotty McCreery
4MoAOfV4ROWofLG3a3hhBN	Jon Pardi
1Z25ZlGHqqlr3o1UGQOfNn	JNR CHOI
04uu8U3I1h26Fp2NBkPTRZ	Sam Tompkins
6WY7D3jk8zTrHtmkqqo5GI	Maren Morris
6fWVd57NKTalqvmjRd2t8Z	24kGoldn
6ASri4ePR7RlsvIQgWPJpS	iann dior
20wkVLutqVOYrc0kxFs7rA	Daniel Caesar
4fxd5Ee7UefO4CUXgwJ7IP	GIVĒON
3Nrfpe0tUJi4K4DXYWgMUX	BTS
1uU7g3DNSbsu0QjSEqZtEd	Masked Wolf
0eDvMgVFoNV3TpwtrVCoTj	Pop Smoke
6TIYQ3jFPwQSRmorSezPxX	mgk
2cFrymmkijnjDg9SS92EPM	blackbear
6nVcHLIgY5pE2YCl8ubca1	JHAYCO
6cK3NBO6uP7hh0oyuVELFl	Saweetie
4r63FhuTkUYltbVAg5TQnk	DaBaby
6jGMq4yGs7aQzuGsMgVgZR	Lil Tjay
4IVAbR2w4JJNJDDRFP3E83	6LACK
04gDigrS5kc9YWfZHwBETP	Maroon 5
1anyVhU62p31KFi8MEzkbf	Chance the Rapper
5F1aAS1duwlzExnPs3l2Xe	Pooh Shiesty
6Iz3eq2aQGFf7TbGT2iahL	Gabby Barrett
6VuMaDnrHyPL1p4EHjYLi7	Charlie Puth
3Y2MLcrD3ZQXRXmtn4fZQx	SpotemGottem
1U1el3k54VvEUzo3ybLPlM	Kali Uchis
7arQA31aZVS8yS6zUveWzb	CJ
6MPCFvOQv5cIGfw3jODMF0	Internet Money
4Gso3d4CscCijv0lmajZWs	Don Toliver
7rkW85dBwwrJtlHRDkJDAC	NAV
6s22t5Y3prQHyaHWUN1R1C	AJR
3KNIG74xSTc3dj0TRy7pGX	Yung Bleu
0QHgL1lAIqAw0HtD7YldmP	DJ Khaled
7lDVEkjIURPMyUYwoQRrpw	Ryan Hurd
7gOdHgIoIKoe4i9Tta6qdD	Jonas Brothers
7z5WFjZAIYejWy0NI5lv4T	Dan + Shay
5CiGnKThu5ctn9pBxv7DGa	benny blanco
0lAWpj5szCSwM4rUMHYmrr	Måneskin
4BYxqVkZyFjtik7crYLg5Q	Chris Young
2gBjLmx6zQnFGQJCAQpRgw	Nelly
3b8QkneNDz4JHKKKlLgYZg	Florida Georgia Line
757aE44tKEUQEqRuT6GnEB	Roddy Ricch
4npEfmQ6YuiwW1GpUmaq3F	Ava Max
4NqH3V7GS0Igs1VyGMXEi8	Mooski
6x2LnllRG5uGarZMsD4iO8	Thomas Rhett
0u2FHSq3ln94y5Q57xazwf	Keith Urban
1KCSPY1glIKqW2TotWuXOR	P!nk
3klZnJvYGIbWritVwQD434	Duncan Laurence
6Rw7DRa1dzChBvxGPCpOxU	Niko Moon
4xFUf1FHVy696Q1JQZMTRj	Carrie Underwood
3yzRiNMZdTsSUgplcyYZ4i	Blanco Brown
2IvkS5MXK0vPGnwyJsrEyV	Eric Church
7MPGCB854Qo4alYMOPkBka	Ritt Momney
5jJjvmEwRr8epuGZq4eUUa	BRS Kash
45TgXXqMDdF8BkjA83OM7z	Rod Wave
6pBNfggcZZDCmb0p92OnGn	Chase Rice
4GNC7GD6oZMSxPGyXy4MNB	Lewis Capaldi
2jku7tDXc6XoB6MO2hFuqg	Tory Lanez
55Aa2cqylxrFIXC767Z865	Lil Wayne
2NjfBq1NflQcKSeiDooVjY	Tones And I
0vRvGUQVUjytro0xpb26bs	Arizona Zervas
0VRj0yCOv2FXJNP47XQnx5	Quavo
0H39MdGGX6dbnnQPt6NQkZ	SAINt JHN
5rGrDvrLOV2VV8SCFVGWlj	Imanbek
7uaIm6Pw7xplS8Dy06V6pT	Trevor Daniel
0YinUQ50QDB7ZxSCLyQ40k	Mustard
5zctI4wO9XSKS8XwcnqEHk	Lil Mosey
56mfhUDKa1vec6rSLZV5Eg	Jawsh 685
07YZf4WDAMNwqr4jfgOZ8y	Jason Derulo
6bmlMHgSheBauioMgKv2tn	Powfu
35l9BRT7MXmM8bv2WDQiyB	beabadoobee
7n2wHs1TKAczGzO7Dd2rGr	Shawn Mendes
1yxSLGMDHlW21z4YXirZDS	Black Eyed Peas
1vyhD5VmyZ7KMfW5gqLgo5	J Balvin
4yiQZ8tQPux8cPriYMWUFP	Gwen Stefani
3KwmxIhSe9UTSEF37kwngR	SHAED
4MCBfE4596Uoi2O4DtmEMz	Juice WRLD
66W9LaWS0DPdL7Sz8iYGYe	JP Saxe
0ZED1XzwlLHW4ZaG4lOT6m	Julia Michaels
45gHcnDnMC15sgx3VL7ROG	42 Dugg
4ETSs924pXMzjIeD6E9b4u	Surfaces
7wlFDEWiM5OoIAt8RSli8b	YoungBoy Never Broke Again
1XLWox9w1Yvbodui0SRhUQ	StaySolidRocky
34bhyY8jfKez7uKakMfy4y	Maddie & Tae
5Zq7R5qmi58ByYyBQTlNuk	Lee Brice
2kucQ9jQwuD8jWdtR9Ef38	Sam Hunt
4sIl4BTo9l9KqEi0Y3RE72	Carly Pearce
1cNDP5yjU5vjeR8qMf4grg	YNW Melly
3q7HBObVc0L8jNeTe5Gofh	50 Cent
26VFTg2z8YR0cCuwLzESi2	Halsey
0Cp8WN4V8Tu4QJQwCN5Md4	BENEE
6sHCvZe1PHrOAuYlwTLNH4	Gus Dapperton
2PaZWGu5T5nHjY2xxAkFsT	THE SCOTTS
0fA0VVWsXO9YnASrzqfmYu	Kid Cudi
5LHRHt1k9lMyONurDHEdrp	Tyga
1zNqQNIdeOUZHb8zbZRFMX	Swae Lee
6LuN9FCkKOj5PcnpouEgny	Khalid
1nGRqM8VNcQOcFsOnhpInD	ATR Son Son
66lH4jAE7pqPlOlzUKbwA0	Miranda Lambert
5ZS223C6JyBfXasXxrRqOk	Jhené Aiko
1lmU3giNF3CSbkVSQmLpHQ	Surf Mesa
4ArPQ1Opcksbbf3CPwEjWE	Emilee
3Y7RZ31TRPVadSFVy1o8os	H.E.R.
0A0FS04o6zMoto8OKPsDwY	YG
0ErzCpIMyLcjPiwT4elrtZ	NLE Choppa
60rpJ9SgigSd16DOAG7GSa	Billy Ray Cyrus
7EQ0qTo7fWT7DPxmxtSYEc	Bastille
6nS5roXSAGhTGr34W6n7Et	Disclosure
20JZFwl6HVl6yg8a4H3ZqK	Panic! At The Disco
2cWZOOzeOm4WmBJRnD5R7I	Normani
20sxb77xiYeusSH8cVdatc	Meek Mill
4VIvfOurcf0vuLRxLkGnIG	Bradley Cooper
4Ga1P7PMIsmqEZqhYZQgDo	Lil Tecca
4DdkRBBYG6Yk9Ka8tdJ9BW	Offset
5Rl15oVamLq7FbSb0NNBNy	5 Seconds of Summer
1sBkRIssrMs1AbVkOJbc7a	Rick Ross
31W5EY0aAly4Qieq6OFu6I	A Boogie Wit da Hoodie
6eYFryfcEu3QSq59D62wZQ	Brendon Urie
3Fl1V19tmjt57oBdxXKAjJ	Blueface
2RDOrhPqAM4jzTRCEb19qX	Sheck Wes
13y7CgLHjMVRMDqxdx0Xdo	Gucci Mane
3QSQFmccmX81fWCUSPTS7y	Dean Lewis
6oMuImdp5ZcFhWP0ESe6mG	Migos
540vIaP2JwjQb9dm3aArA4	DJ Snake
1i8SpTcr7yvPOmcqrbnVXY	Ozuna
0X2BH1fck6amBIoJhDVmmJ	Ellie Goulding
5fMUXHkw8R8eOP2RNVYEZX	Diplo
0HkcYmcjrBR3SCw9Ld5VZk	Calboy
40LHVA5BTQp9RxHOQ9JPYj	Lauren Daigle
4VMYDCV2IEDYJArk749S6m	Daddy Yankee
6jJ0s89eD6GaHleKKya26X	Katy Perry
3uZFBSsMiooimnprFL9jD1	Snow
37hAfseJWi0G3Scife12Il	City Girls
2HUwZ0kumzCSlhFcjFZfpp	Flipp Dinero
7cTXfwpe9peK0UE1bZyIWZ	Pinkfong
7meyrw7Or5DwteYxDJrkCM	YK Osiris
7HkdQ0gt53LP4zmHsL0nap	Ella Mai
7gZfnEnfiaHzxARJ2LeXrf	6ix9ine
6i392l38cR3uBPF0DbNs7S	Quality Control
4GvEc3ANtPPjt1ZJllr5Zl	Bazzi
5UjifI1TYefXWn9GdqDOHl	Social House
2qxJFvFYMEDqd7ui6kSAcq	Zedd
4lDBihdpMlOalxy1jkUbPl	Grey
15UsOTVnJzReFVN1VCnxy4	XXXTENTACION
4TEJudQY2pXxVHPE3gD2EU	BlocBoy JB
1zNqDE7qDGCsyzJwohVaoX	Anne-Marie
6fOMl44jA4Sp5b9PpYCkzz	NF
02kJSzxNuaWGqwubyUba0Z	G-Eazy
13ubrt8QOOCPljQ2FL1Kca	A$AP Rocky
3CbYyyd8wH3RT6t0jwpdzC	Murda Beatz
4kI8Ie27vjvonwaB2ePh8T	Portugal. The Man
5JZ7CnR6gTvEMKX4g70Amv	Lauv
3wyVrVrFCkukjdVIdirGVY	Lil Pump
3qBKjEOanahMxlRojwCzhI	Zacari
73sIBHcqh3Z3NyqHKZ7FOL	Childish Gambino
1tqhsYv8yBBdwANFNzHtcr	Lil Dicky
1pPmIToKXyGdsCF6LmqLmI	Rich The Kid
17lzZA2AlOHwCwFALHttmp	2 Chainz
0c173mlxpT3dSFRgMO8XPh	Big Sean
6S2OmqARrzebs0tKUEyXyp	Demi Lovato
1bqxdqvUtPWZri43cKHac8	MAX
3iri9nBFs9e4wN7PLIetAw	gnash
7CajNmpbOovFoOoasH2HaY	Calvin Harris
5dHt1vcEm9qb8fCyLcB3HL	A$AP Ferg
28ExwzUQsvgJooOI0X1mr3	Jay Rock
53KwLdlmrlCelAZMaLVZqU	James Blake
5hdhHgpxyniooUiQVaPxQ0	Nio Garcia
1fux65HMCBvfJHqlBc4Nno	Casper Magico
1TtXnWcUs0FCkaZDPGYHdf	Darell
1SupJlEpv7RS2tPNRaHViT	Nicky Jam
5wPoxI5si3eJsYYwyXV4Wi	N.E.R.D
2RdwBSPQiwcmiDo9kixcl8	Pharrell Williams
4xRYI6VqpkE3UwrDrAZL8L	Logic
2wUjUUtkb5lvLKcGKsKqsR	Alessia Cara
31TPClRtHm23RisEBtV3X7	Justin Timberlake
3grHWM9bx2E9vwJCdlRv9O	Kenny Chesney
0fiWOxhsBsQQvFDtxUQWo0	Brett Young
7iZtZyCzp3LItcw1wtPI3D	Rae Sremmurd
7EEiVZvj6RCEtVX2F2pyxu	Slim Jxmmi
5gCRApTajqwbnHHPbr2Fpi	Juicy J
4RSyJzf7ef6Iu2rnLdabNq	Willy William
4V8Sr092TqfHkfAA5fXXqG	Luis Fonsi
69GGBxA162lTqCwzJG5jLp	The Chainsmokers
4gzpq5DPGxSnKTe4SA8HAU	Coldplay
4IWBUUAFIplrNtaOHcJPRM	James Arthur
6vXTefBL93Dj5IqAWq6OTv	French Montana
4tZwfgrHOc3mvqYlEYSvVi	Daft Punk
5ZsFI1h6hIdQRw2ti0hz81	ZAYN
23fqKkggKUBHNkbKtXEls4	Kygo
4qBgvVog0wzW75IQ48mU7v	KYLE
6icQOAFXDZKsumw3YXyusw	Lil Yachty
1Hsdzj7Dlq2I7tHP7501T4	Niall Horan
5pUo3fmmHT8bhCyHE52hA6	Liam Payne
6MDME20pz9RveH9rEXvrOM	Clean Bandit
3Isy6kedDrgPYoTS1dazA9	Sean Paul
6Ha4aES39QiVjR0L2lwuwq	Yo Gotti
3YQKmKGau1PzlVlkL1iodx	Twenty One Pilots
3Gm5F95VdRxW3mqCn8RPBJ	Aminé
27mFvqQj8KpjmdKIqcw1mG	Ayo & Teo
7nKeLE1toRtW4M279iS26h	Zay Hilfigerrr
5AsWcQXw4RJFRWBbwa0ti0	Zayion McCall
6LqNN22kT3074XbTVUrhzX	Kesha
5M0lbkGluOPXLeFjApw8r8	DRAM
2h93pZq0e7k5yf4dywlkpM	Frank Ocean
4A0TivfinfALCAMJqqjZIk	Funk Wav
1v3tdpIdBSW14rHUfiEVOv	Lauren Alaina
4ryoUS0W8qXokfMxrlJt6O	Skip Marley
50JJSqHUf2RQ9xsHs0KMHg	Jon Bellion
5p7f24Rk5HkUZsaS3BLG5F	Hailee Steinfeld
1xHQO9GJIW9OXHxGBISYc5	Marian Hill
7DMveApC7UnC2NPfPvlHSU	Cheat Codes
1dID9zgn0OV0Y8ud7Mh2tS	Dustin Lynch
5Berubt6ysOy2LCMyqhmXP	YFN Lucci
21WS9wngs9AqFckK7yYJPM	PnB Rock
6TK7fjRPdy2GW2pJzNF23L	Kyla
7pFeBzX627ff0VnN6bxPR4	Desiigner
6Dd3NScHWwnW6obMFbl1BH	Daya
5WUlDfRSoLAfcVSX1WnrxN	Sia
25u4wHJWxCA9vO0CzxAbK7	Lukas Graham
0jnsk9HBra6NMjO2oANoPY	Flo Rida
2KsP6tYLJlTBvSUxnwlVWa	Mike Posner
5iNrZmtVMtYev5M9yoWpEq	Seeb
1l8Fu6IkuTP0U5QetQJ5Xt	Fifth Harmony
6T5tfhQCknKG4UnH90qGnz	DNCE
738wLrAtLtCtFOLvQBXOXp	Major Lazer
0bdfiayQAKewqEvaU6rXCv	MØ
6jsjhAEteAlY0vCiLvMLBA	ROZES
1QRj3hoop9Mv5VvHQkwPEp	Olivia O'Brien
5y2Xq6xcjJb2jVM54GHK3t	John Legend
4EzkuveR9pLvDVFNx6foYD	James Bay
1Xylc3o4UrD53lo9CvFvVg	Zara Larsson
7uMh23xWiuR7zsNkuNcm2G	MNEK
3jHBxvZ9gbBkZ17wKUqVsO	Kent Jones
4u5smJBskI6Adzv08PuiUP	Kiiara
6PXS4YHDkKvl1wkIl4V8DL	Fetty Wap
2s0yxtiHiyGe6CY4mbDYFi	Remy Boyz
3KV3p5EY4AvKxOlhGHORLg	Jeremih
1gPhS1zisyXr5dHTYZyiMe	Kevin Gates
6nxWCVXbOlEVRexSbLsTer	Flume
6xHUXzrfhFgnIv86EBR3Ml	kai
3bhu7P5PfngueRHiB9hjcx	Elle King
4Rxn7Im3LGfyRkY2FlHhWi	Nick Jonas
4NHQUGzhtTLFvgF5SZesLK	Tove Lo
3NPpFNZtSTHheNBaWC82rB	X Ambassadors
137W8MRPWKqSmrBGDBFSop	Wiz Khalifa
2WzaAvm2bBCf4pEhyuDgCY	Ruth B.
0CjWKoS55T7DOt0HJuwF1H	Bipolar Sunshine
7bkdi7f1mxyYxWcBlwON4s	The Throne
3ScY9CQxNLQei8Umvpx5g6	Fat Joe
39mHYiNmLR7p8PXNG8Wll6	Remy Ma
4R529xQ7WQfRpSEXaHFbRg	InfaRed
7juKTDFlPesGeWQ1GmjmOv	Silentó
1Zatb2YN4erBOoSivOXc0o	O.T. Genasis
3HiuzBlSW7pGDXlSFMhO2g	Young Dolph
6roFdX1y5BYSbp60OTJWMd	Tim McGraw
4AK6F7OLvEQ5QYCBNiQWHq	One Direction
3hv9jJF3adDNsBSIQDqcjp	Mark Ronson
6DIS6PRrLS3wbnZsf7vYic	WALK THE MOON
5MouCg6ta7zAxsfMEbc1uh	OMI
4bL2B6hmLlMWnUEZnorEtG	Felix Jaehn
1HxJeLhIuegM3KgvPn8sTa	Jack Ü
5he5w2lnU9x7JFhnwcekXX	Skrillex
3QLIkT4rD2FMusaqmkepbq	Rachel Platten
6KZDXtSj0SzGOV705nNeh3	Kid Ink
0f5nVCcR06GX8Qikz0COtT	Omarion
2oX42qP5ineK3hrhBECLmj	Andy Grammer
4D75GcNG95ebPtNvoNVXhz	AFROJACK
6d47Z08T4snK50HgTEHo5Z	Sage The Gemini
27fy6rHPC58Eo2VUu0iJSG	Lookas
0TnOYISbd1XYRBk9myaseg	Pitbull
21E3waRsmPlU7jZsS13rcj	Ne-Yo
4TH4BHy0LdBi3dpBW4P2UX	R. City
4bYPcJP5jwMhSivRcqie2n	Adam Levine
2qdONMCoDngQk0eV4Avs1i	Natalie La Rose
4STHEaNw4mPZ2tzheohgXB	Paul McCartney
4UXqAaa6dQYAk18Lv7PEgX	Fall Out Boy
1Wnfj5qZsp8nPsGBBRRa4W	Monty
3crnzLy8R4lVwaigKEOz7V	E-40
5lHRUCqkQZCIWeX7xG4sYT	Rich Homie Quan
4MIULe6tfg2loNzBy5B9eu	T-Wayne
2VAnyOxzJuSAj7XIuEOT38	AlunaGeorge
3CygdxquGHurS7f9LjNLkv	Little Big Town
2iojnBLj0qIMiKPvVhLnsH	Trey Songz
10exVja0key0uqUkk6LJRT	Vance Joy
4TsHKU8l8Wq7n7OPVikirn	Jidenna
7hgRzsQGjlm1zifNoigyB9	Roman GianArthur
2M4eNCvV3CJUswavkhAQg2	James Newton Howard
3oCIYpmkFw8KGWwMNPKgXh	Jennifer Lawrence
2gsggkzM5R49q6jpPvazou	Jessie J
3aGFCoR8xGN6DKwvdzeSja	ILOVEMAKONNEN
3GsIlcwgQDJVjHD82mbA0Z	iLoveMemphis
5BcAKTbp20cv7tC5VqPFoC	Macklemore & Ryan Lewis
3JhNCzhSMTxs9WLGJJxWOY	Macklemore
4myTppRgh0rojLxx8RycOp	Ryan Lewis
0AWhixY9hX7LEPyPMjh4O0	Grandmaster Melle Mel
6QeZTS8BrU3r2TYJdA68j9	Grandmaster Caz
2RE8NwNxsOyuNZDD0jRxHP	Kool Moe Dee
3NoeRIxHApi6qe4yan2Vnn	Eric Nally
2ysnwxxNtSgbb9t1m2Ur4j	George Ezra
3BmGtnKgCSGYIUhmivXKWX	Kelly Clarkson
7nDsS0l5ZAzMedVRKPP8F1	Ella Henderson
33W1pnW9zScZtYTnAoWnOT	Mr. Probz
3t5xRXzsuZmMDkQzgOX35S	Robin Schulz
7qG3b048QCHVRO5Pv1T5lw	Enrique Iglesias
5EehXjjMktLuJmbRsM7YfB	Disciples
5yG7ZAZafVaAlMTeBybKAL	Iggy Azalea
25uiPmTg16RbhZWAqwLBy5	Charli xcx
0DxeaLnv6SyYk2DOqkLO8c	MAGIC!
0awl5piYwO0CDTHEkCjUhn	Nico & Vinz
7sfl4Xt5KmfyDs2T3SVSMK	Lil Jon
5xKp3UyavIBUsGy3DQdXeF	A Great Big World
1l7ZsJRRS8wlW3WfJfPfNS	Christina Aguilera
163tK9Wjr9P9DmM0AVK7lm	Lorde
0gadJ2b9A4SKsB1RFkBb66	Passenger
73Np75Wv2tju61Eo9Zw4IR	Idina Menzel
1vCWHaC5f2uS3yhpwWbIA6	Avicii
5CCwRZC6euC8Odo6y9X8jr	Rita Ora
0MlOPi3zIDMVrfA9R04Fe3	American Authors
3nFkdlSjzX9mRTtwJOzDYB	JAY-Z
5luyt0SUvGkDMY4ILP6Qhl	Descemer Bueno
2cy1zPcrFcXAJTP0APWewL	Gente De Zona
7hJcb9fa4alzcOq3EaNPoG	Snoop Dogg
4ScCswdRlyA23odg9thgIO	Jess Glynne
74XFHRwlV6OrjEM0A2NCMF	Paramore
0id62QV2SZZfvBn9xpmuCl	Aloe Blacc
2l35CQqtYRh3d8ZIiBep4v	MKTO
34Y0ldeyUv7jBvukWOGASO	Bobby Shmurda
4HzKw8XcD0piJmDrrPRCYk	Majid Jordan
4yBK75WVCQXej1p04GWqxH	Jeezy
1PbBg2aYjWLKRk84zJK15x	Echosmith
0NIIxcxNHmOoyBx03SfTCD	Tinashe
5IcR3N7QB1j6KBL8eImZ8m	ScHoolboy Q
5q8HGNo0BjLWaTAhRtbwxa	Brantley Gilbert
0kkxsdcaWmWU2yWAqclDh4	Rixton
60d24wfXkVzDSfLS6hyCjZ	Martin Garrix
5pU9lKGn9IUnVvOCONrcIS	Rich Gang
2Sqr0DXoaYABbjBo9HaMkM	Sara Bareilles
77SW9BnxLY8rJ0RciFqkHh	The Neighbourhood
3fMbdgg4jU18AjLCKBhRSm	Michael Jackson
7x8nK0m0cP2ksQf0mjWdPS	Dierks Bentley
32WkQRZEVKSzVAAYqukAEA	Lady A
1bT7m67vi78r2oqvxrP3X5	Naughty Boy
0ZrpamOxcZybMHGg1AYtHP	Robin Thicke
4OBJLual30L7gRl5UkeRcT	T.I.
58R5LHkK3vkmEyGUPOR5kS	KONGOS
0NWbwDZY1VkRqFafuQm6wk	Mike WiLL Made-It
1n2pb9Tsfe4SwAjmUac6YT	Jake Owen
28KOnhhvUnyvgRNXEQ41WL	Hollis
6Rx1JKzBrSzoKQtmbVmBnM	Hayley Williams
07d5etnpjriczFBB8pxmRe	BJ The Chicago Kid
56xTxG4nQMAs1GW9kvn0uA	Wanz
25fqWEebq6PoiGQIHIrdtv	Baauer
4e0nWw2r4BoQSKPQ2zpU13	Ray Dalton
1qUjOF5fzrpoNycD36b2jZ	Nate Ruess
16oZKvXb6WkQlVAjwo2Wbg	The Lumineers
1buzCmyYZE4kcdLRudsb8V	Mikky Ekko
3yDIp0kaq9EFKe07X1X2rz	Nile Rodgers
6xfqnpe2HnLVUaYXs2F8YS	Anna Kendrick
085pc2PYOi8bGKj0PNjekA	will.i.am
26dSoYclwsYLMAKD3tpOr4	Britney Spears
7qRll6DYV06u2VuRPAVqug	Foxes
4njdEjTnLfcGImKZu1iSrz	AWOLNATION
1h6Cn3P4NGzXbaXidqURXs	Swedish House Mafia
2auikkNYqigWStoHWK1Grq	John Martin
1VBflYyxBhnDc9uVib98rw	Icona Pop
4gwpcMTbLWtBUlOijbVpuu	Capital Cities
4LLpKhyESsyAXpc4laK94U	Mac Miller
5Z2NUZiY3FA00HKu5WTMhA	Mary Lambert
0IROOdQ2fQUcoaEPqt1Isg	Florence Welch
00FQb4jTyendYWaN8pK0wa	Lana Del Rey
4Wjf8diP59VmPG7fi4y724	Cedric Gervais
6p5JxpTc7USNnBnLzctyd4	Phillip Phillips
3DiDSECUqqY1AuBP8qtaIa	Alicia Keys
3gd8FJtBJtkRxdfbTu19U2	Mumford & Sons
7FY5V3XMwlNBPitEjXowHQ	Darius Rucker
2dd5mrQZvg6SmahdgVKDzh	PSY
5nCi3BB41mBaMH9gfr6Su0	fun.
67nwj3Y5sZQLl72VNUHEYE	Wale
69FykkhiqpzqeSNYRxc8BI	Tiara Thomas
2wSgVsgLUZeDJwoLcPO7ny	Pistol Annies
4dwdTW1Lfiq0cM8nBAqIIz	Of Monsters and Men
7H6dkUChT5EoOQtUVMg4cN	Hunter Hayes
2lEOFtf3cCyzomQcMHJGfZ	Ylvis
3whuHq0yGx60atvA2RCVRW	Olly Murs
2NdeV5rLm47xAvogXrYhJX	Ciara
3AQRLZ9PuTAozP28Skbq8V	The Script
0T5OJgMVjKIX3b3W3ekqOl	Rocko
7sfgqEdoeBTjd8lQsPT3Cy	Emeli Sandé
31HjiqargV4NAw4GZqUale	Ace Hood
56x8mYvS3cyDGAi8N2FxbB	Randy Houser
2AsusXITU8P25dlRNhcAbG	Gotye
6hk7Yq1DU9QcCCrz9uc0Ti	Kimbra
6sFIWsNpZYqfjUpaCgueju	Carly Rae Jepsen
6ueGR6SWhUJfvEhqkvMsVs	Janelle Monáe
2NhdGz9EDv2FeUw6udu2g1	The Wanted
3sgFRtyBnxXD5ESfmbK4dl	LMFAO
3FUY2gzHeIiaesXtOAdB7A	Train
0RpddSzUHfncUWNJXKOsjy	Neon Trees
4phGZZrJZRo4ElhRtViYdl	Jason Mraz
0ONHkAv9pCAFxb0zJwDNTy	Pusha T
2jLE4BoXHriQ96JagEtiDP	Lauren Bennett
53sIBaVjXQhfH89Vu6nEGh	GoonRock
5Tf4EH8tDvznnjULcFxkIl	Alex Clare
07QEuhtrNmmZ0zEcqE9SF6	Owl City
4IJczjB0fJ04gs4uvP0Fli	Gym Class Heroes
2TnJ7VOpGzjtKUn0ObpEYe	Neon Hitch
4m4SfDVbF5wxrwEjDKgi4k	Cher Lloyd
4M0DLz8te9Q1lNIXBBwvfG	Karmin
5DYAABs8rkY9VhwtENoQCz	Gavin DeGraw
2r8r62VGJKGi463aH1HJUZ	Kirko Bangz
5ndkK3dpZLKtBklKjxNQwT	B.o.B
2bA6fzP0lMAQ4kz6CF61w8	Toby Keith
6dJeKm76NjfXBNTpHmOhfO	Selena Gomez & The Scene
3aQeKQSyrW4qWr35idm0cy	T-Pain
13saZpZnCDWOI9D4IJhp1f	Lily Allen
7H55rcKCfwqkyDFH9wpKM6	Christina Perri
1EVWYRr2obCRDoSoD6KSuM	Havana Brown
7Kp7SzuRuNiPFCy7JIwnLx	Ca$h Out
2hJPr4lk7Q8SSvCVBl9fWM	Kip Moore
6eKWqnckwdIlSnjaYgIyxv	Eli Young Band
6XyY86QOPPrYVGvF9ch6wz	Linkin Park
1ruutHJcECI7cos2n5TqpO	Nayer
5nLYd9ST4Cnwy6NHaCxbj8	CeeLo Green
2DlGxzQSjYe5N6G9nkYghR	Jennifer Lopez
7gP3bB2nilZXLfPHJhMdvc	Foster The People
3ipn9JLAPI5GUEo4y4jcoi	Ludacris
4yt2wdqvcHygghx9iNUb6i	DJ Frank E
1YfEcTuGvBQ8xSD1f53UnK	Busta Rhymes
01QTIT5P1pFP3QnnFSdsJf	Lupe Fiasco
6jTnHxhb6cDCaCu4rdvsQ0	Hot Chelle Rae
77IURH5NC56Jn09QHi76is	Bad Meets Evil
75FnCoo4FBxH5K1Rrx0k5A	The Band Perry
2QYEvpsWUOjqaYuxDPTCmV	Diddy - Dirty Money
4utLUGcTvOJFr6aqIJtYWV	Skylar Grey
7BAaznGSsqcksud4R5ou5z	Cory Gunz
6MF9fzBmfXghAz953czmBC	Taio Cruz
6f4XkbvYlXMH0QgVRzW0sM	Waka Flocka Flame
0bfX8pF8kuHNCs57Ms4jZb	Roscoe Dash
2aYJ5LAta2ScCdfLhKgZOY	Cobra Starship
3tB8VKd0rtEnc9x8l78ymo	Sabi
6DPYiyq5kWVQS4RGwxzPC7	Dr. Dre
3AuMNF8rQAKOzjYppFNAoB	Kelly Rowland
6XwwFnewNgWp81MYMK8zLq	Edward Maya
34dZRjYum6vVBGslgYaBtB	Vika Jigulina
698hF4vcwHwPy8ltmXermq	Far East Movement
4we5S2VLjgY9KzIzApL1KI	Ryan Tedder
5JOIrGvup0vD5VjodB62Ui	Ruff Loaderz
0p4nmQO2msCgU4IF37Wi3j	Avril Lavigne
0Tob4H0FLtEONHU1MjpUEp	Tinie Tempah
79DOwuMzV2h4es3em0t002	Eric Turner
63wjoROpeh5f11Qm93UiJ1	Keri Hilson
7C64wNX3howEFZjAYRKsfP	The Cataracs
7Ip2u3e5Nv6fFb5xyIHxEE	DEV
6yJCxee7QumYr820xdIsjo	Zac Brown Band
28AyklUmMECPwdfo8NEsV0	Jimmy Buffett
13YmWQJFwgZrd4bf5IjMY4	Brad Paisley
1ZKqrja0WvbSssYNFO3lzs	New Boyz
2qgvmDsc4jrqbAbjq1HGM2	Rodney Atkins
0Bvs8yPjrQSbmVIRqSg1Sp	Thompson Square
1PJVVIeS5Wu0wbZDhtC0Ht	Grace Potter
5OrB6Jhhrl9y2PK0pSV4VP	Young Money
1Xfmvd48oOhEWkscWyEbh9	Lloyd
1Bo8Afb2Qbjs4x6kJHyjle	Gigamesh
7o9Nl7K1Al6NNAHX6jn6iG	Travie McCoy
5tKXB9uuebKE34yowVaU3C	Iyaz
0z4gvV4rjIZ9wHck67ucSV	Akon
0YWxKQj2Go9CGHCp77UOyy	Fabolous
5Y5TRrQiqgUO4S36tzjIRZ	Timbaland
1GxkXlMwML1oSg5eLPiAz3	Michael Bublé
4pADjHPWyrlAF0FA7joK2H	Jay Sean
3K2zB87GZv1krx031en5VA	La Roux
6prmLEyn4LfHlD9NnXWlf7	Adam Lambert
2zwHaEmXxX6DTv4i8ajNCM	Kris Allen
1zV9UjTUevjp5VUddqIUUn	Mr Hudson
0FWzNDaEu9jdgcYTbcOa4F	3OH!3
0yNy8fi1yBBq526E6mx4Zs	Orianthi
4LAz9VRX8Nat9kvIzgkg2v	Rivers Cuomo
6gbGGM0E8Q1hE511psqxL0	Ray J
2teIxF2qgr0rYmTTMKiZ7s	Kevin McCall
4M6Z1wubeKtwPqbjJygTOc	Shontelle
0vWCyXMrrvMlCcepuOJaGI	BOYS LIKE GIRLS
0Chxmm4XMM87mJOHvyiUzL	Kevin Rudolf
35sCXuy5gN6Or69rZ9vqBs	Birdman
0hYxQe3AK5jBPCr5MumLHD	Sugarland
3jksrX4oBklxR78ft8gv3j	Plies
2qk9voo8llSGYcZ6xrBzKx	Kings of Leon
6S0dmVVn4udvppDhZIWxCr	Sean Kingston
5P5FTygHyx2G57oszR3Wot	Daughtry
2DnqqkzzDKm3vAoyHtn8So	Uncle Kracker
1EeArivTpzLNCqubV95255	Cali Swag District
0RKP52f5PNDCRZ9Luq2Sr7	Jerrod Niemann
7fObcBw9VM3x7ntWKCYl0z	Colby O'Donis
3vAaWhdBR38Q02ohXqaNHT	The All-American Rejects
0zOcE3mg9nS6l3yxt1Y0bK	The Fray
7LnaAXbDVIL75IVPnndf7w	Jamie Foxx
6GMYJwaziB4ekv1Y6wCDWS	Soulja Boy
4p07QU02SrLsaORo25h2Lg	Sammie
70BYFdaZbEKbeauJ670ysI	Shinedown
481VlDdXZAIRxnHyywNbXn	Leighton Meester
6wPhSqRtPu1UhRCDX5yaDJ	The Pussycat Dolls
6deZN1bslXzeGvOLaLMOIF	Nickelback
5P2rwRBgIN450RaJxdjYdA	Kardinal Offishall
2AQjGvtT0pFYfxR3neFcvz	Jordin Sparks
4nmrm4zpgJ0RC6aZRSUEjF	Wynter Gordon
20s0P9QLxGqKuCsGwFsp7w	Mario
6aZyMrc4doVtZyKNilOmwu	Colbie Caillat
1dIdBZaaHRW2bDTkHNfWln	The Veronicas
1W3FSF1BLpY3hlVIgvenLz	The-Dream
1wgY8huggK60P5nvYrwcYT	Asher Roth
7oPftvlwr6VrsViSDV7fJY	Green Day
3aBkeBhwadnWMWoVJ2CxJC	Rob Thomas
2Hjj68yyUPiC0HKEOigcEp	Jesse McCartney
74V3dE1a51skRkdII8y2C6	André 3000
1By9QBFnjZAoI83BZppHlt	Billy Currington
5Z22vlK4DCgDrQgBEqfc8w	Kristinia DeBarge
1mHuZMOP8FG5ip4yAb1vrB	Michael Franti & Spearhead
1d5nqaOa3PXgjrHv7hEQg4	Cherine Anderson
6AMa1VFQ7qCi61tCRtVWXe	Jim Jones
1iqf0x89oxmmAFv9w9hiJM	Ron Browz
6Uh8uJyN9g7oFjDK16nJgb	Juelz Santana
2AOt5htsbtyaHd5Eq3kl3j	Maxwell
5lKZWd6HiSCLfnDGrq9RAm	Leona Lewis
3pbi8H08p95NUZ7m6ybxUV	Static Major
0BrPKSAeplwezYR1T2DF9s	Yung Berg
7o95ZoZt5ZYn31e9z1Hc0a	Natasha Bedingfield
6tbjWDEIzxoDsBA1FuhfPW	Madonna
0niJkG4tKkne3zwr7I8n9n	Finger Eleven
3r17AfJCCUqC9Lf0OAc73G	Fergie
7vXwfZyDp3spzIVNXDaTPN	Metro Station
0QJIPDAEDILuo8AIq3pMuU	M.I.A.
5T0MSzX9RC5NA6gAI6irSn	Estelle
3FD9VAd0ppjmKbfxF4LzUh	Danity Kane
0yN7xI1blow9nYIK0R8nM7	Buckcherry
6aIm51fHkokqlJn2vzNTH8	Webbie
6z7xFFHxYkE9t8bwIF0Bvg	Boosie Badazz
3QnIBUOS4mUzs67rZ8r4c9	Lil Phat
2RTUTCvo6onsAnheUk3aL9	3 Doors Down
7aBzpmFXB4WWpPl2F7RjBe	Wyclef Jean
1KlUwB6uFECMC3zzvFvykx	Niia
6eouuqqGggqDlYRV63cgPo	Secondhand Serenade
0hEurMDQu99nJRq8pTxO14	John Mayer
5t2P9w0qT2I9y0DrNhykSj	Matthew Santos
7G6hXrjGpi6I7waNl4wxAk	J. Holiday
7jFaoqWPhYLrKzjzlpXmUO	David Banner
23LbwefIODbyGdRbAz3urj	Yung Joc
4SQxI8xg6LcSWL3KuGVHLa	David Cook
26s8LSolLfCIY88ysQbIuT	Three 6 Mafia
728molw4csz9ah0XE4QOm6	Young-D
1HOyRMAssUnc48tVmI4b0z	Superpower
12PSlydMSjEHzSCj9X5qv7	Baby Bash
2C9n4tQgNLhHPhSCmdsQnk	David Archuleta
1XkoF8ryArs86LZvFOkbyr	Mary J. Blige
7dOBabd5O4CvKrg4iriHTM	Kid Rock
0NbfKEOTQCcwd6o7wSDOHI	The Game
1vfezMIyCr4XUdYRaKIKi3	Keyshia Cole
7u6LfVyYpEzMpHLL7jTyvU	Dwele
4HgF4KnohByNElYid7iCNb	Bobby V.
2zJoKYyLmhvsq3ORbXE7xF	Kidd Kidd
79FMDwzZQxHgSkIYBl3ODU	Trace Adkins
6lBam1B1t8wpnH7pJHWnj6	Gavin Rossdale
4TLCPR1sMYoNU1jA7O4uww	D.O.E.
2AVVj8ezW2mJ0v8u7XydiF	Saving Abel
6GI52t8N5F02MxU0g5U69P	Santana
7fJYw1vK9yWb8o51I8qHin	Chad Kroeger
7JBMlJmJpOk87BZTdbYSHD	2 Pistols
6TmyW7nE5HAbg23fG7OOGJ	Tay Dizm
1g1yxsNVPhMUl9GrMjEb2o	Plain White T's
2jw70GZXlAI8QzWeY2bgRc	Nelly Furtado
3v3clM1KQgVfpPjKJFPAmx	SHOP BOYZ
76RrKpsvOmSKG8CIjROdSG	MiMS
0PGtMx1bsqoCHCy3MB3gXA	Unk
33wbkdcxtduHKY53LnI1Hf	Huey
4am1I89OWXUzFh4ctRLkdd	Elliott Yamin
59wfkuBoNyhDMQGCljbUbA	Diddy
6BMhCQJYHxxKAeqYS1p5rY	Hinder
2mxe0TnaNL039ysAj51xPQ	R. Kelly
1SImpQO0GbjRgvlwCcCtFo	The Red Jumpsuit Apparatus
15Y1yUEchPPl4w20CLvFyb	Baby Boy Da Prince
7352aRY2mqSxBZwzUb6LmA	Bow Wow
0DRTDBGl9fBAzVdF1IFA75	Johnta Austin
1fQ46lgoUCz8FVXdTVNk0a	Hurricane Chris
5spEJXLwD1sKUdC2bnOHPg	Bone Thugs-N-Harmony
7FBcuc1gsnv6Y1nwFtNRCb	My Chemical Romance
3rIZMv9rysU7JkLzEaC5Jp	Snow Patrol
2wIVse2owClT7go1WT98tk	Missy Elliott
5tth2a3v0sWwV1C7bApBdX	Lil' Kim
6mXlDbi03T8wXYwWYew0Ut	Rich Boy
0gcDAjaKZIKMdYJoIdrIfR	Polow Da Don
6Q192DXotxtaysaqNPy5yR	Amy Winehouse
54kWB5z9SbenPFQXtBDUBK	Paula DeAnda
7wLtB7m9vOEkoEo3WqZZcx	The DEY
6GH0NzpthMGxu1mcfAkOde	Hellogoodbye
6XwcepfAsPhrvwziGxhwju	Pretty Ricky
5PokPZn11xzZXyXSfnvIM3	Lifehouse
0L8ExT028jH3ddEcZwqJJ5	Red Hot Chili Peppers
5A7d4sfe5ZY1RRf90zlUeo	Crime Mob
7xTcuBOIAAIGDOSvwYFPzk	Daniel Powter
7KMqksf0UMdyA0UCf4R3ux	James Blunt
5SbkVQYYzlw1kte75QIabH	Gnarls Barkley
2dBj3prW7gP9bCCOIQeDUf	Danger Mouse
6vdMPayKk8YJxxeNP5oMCb	Chamillionaire
53B8dEQzmtefvkdCAkO0YR	Krayzie Bone
0st5vgzw9XkH5ALJiUM1lE	Slim Thug
0k7Xl1pqI3tu8sSEjo5oEg	Paul Wall
01ZpL2TZ4QxYNDLc70RIiT	Ali & Gipp
27FGXRNruFoOdf1vP8dqcH	Cassie
14J79DfdiKcztA7WrrpqIP	NITTI
2ZVEnkCKF0ytNHpj9cLxte	Sean Paul
0VKTLKamj4IH8OfQbUL0kq	Dem Franchize Boyz
5Q2iqZJMIZVSTEJWOYh4kP	Peanut
4FZBzAqTsS12zKdb9Gr2uz	Charlay
0a1gHP0HAqALbEyxaD5Ngn	Rascal Flatts
0N0d3kjwdY2h7UVuTdJGfp	Cascada
3RPYHNSwe3w0mtfJwKIN9P	Bubba Sparxxx
44PA0rCQXikgOWbfY7Fq7m	Ying Yang Twins
3EtuDyQhDQYISGg1DU5qZj	Mr. Collipark
07VmOvmuBp9G0gb8BTrpn0	Mike Jones
7dWYWUbO68rXJOcyA7SpJk	Fort Minor
62gL3RAdJAPUmjrYudnVjy	Holly Brook
3Ztgr9y1L9ZfoIOEsCrZEb	Jonah Matranga
4AllEJE7mVkhhyUV6DjqPz	D4L
41TccBHnkaVhhgCgl83JU8	Kandi Girl
6ewMqjrF31lC8ywRsvm073	Nick Lachey
0Uo6kyjrbQoZBlcXsMb8Vm	Field Mob
1c70yCa8sRgIiQxl3HOEFo	Cherish
5zzrJD2jXrE9dZ1AklRFcL	KT Tunstall
3ZooCJzNMTLpmJaIRUEorI	Young Dro
1Oa0bMld0A3u5OTYfMzp5h	Nate Dogg
3s2wTjWxK8NOX09dmsvVOh	Chingy
08p7B5OtcUuVblvkQIlBhJ	Tyrese
0IF46mUS8NXjgHabxk2MCM	Kelis
4sb7rZNN93BSS6Gqgepo4v	Too $hort
4USNIVeRwXIAdbVSTqelbh	Jibbs
0LFWRTqrlRmWoPZ80K8gZY	"Brandy ""Ms. B"" Hambrick"
58lV9VcRSjABbAbfWS6skp	Bon Jovi
2WV4xLQooFalR2cit0XSKp	Jennifer Nettles
5xuNBZoM7z1Vv8IQ6uM0p6	JoJo
5nGIFgo0shDenQYSE0Sn7c	Evanescence
1TJbmc7jTpw78GKCiMpvDh	Blue October
6nfYGe7IIuuP5bMY1jkJP6	Jermaine Dupri
2I1bnmb9VQEQGKHxvr0gSf	Da Brat
7yCSZNIAKQFU76UWGU1miJ	The Kid Slim
3AA28KZvwAUcZuOKwyblJQ	Gorillaz
1Z8ODXyhEBi3WynYw0Rya6	De La Soul
3E3tW69eMfAffLGgsmP3GG	Taylor Hicks
1YIpZOfyHXMUgUaxxxgbaC	Teddy Geiger
5YBSzuCs7WaFKNr7Bky0Uf	Olivia
15GGbJKqC6w0VYyAJtjej6	Fatman Scoop
0C0XlULifJtAgn6ZNCW2eu	The Killers
3jOstUTkEu2JkjvRdBA5Gu	Weezer
3ciRvbBIVz9fBoPbtSYq4x	Lil Jon & The East Side Boyz
1Y8cdNmUJH7yBTd9yOvr5i	Destiny's Child
41qil2VaGbD194gaEcmmyx	Will Smith
4d3yvTptO48nOYTPBcPFZC	Eve
3sMYEBy0CZFxedcnm9i9hf	Frankie J
7lVtH5UmhLGyfN9iS2FFk7	DHT
2Bn9Kf2NC3mJfExuN9DMdE	Edmee
4RddZ3iHvSpGV4dvATac9X	Papa Roach
0ekbDNE2eOq8QiaXM34wer	Howie Day
3jahzTuztFVegfKXChatkY	Trillville
3jhkLfgJKRu9Lb0AQd7fkB	Cutty
12FHARd9fY0Tu0ila4Ua25	Trick Daddy
5sUrlPAHlS9NEirDB8SEbF	Alejandro Sanz
5rSXSAkZ67PYJSvpUpkOr7	Backstreet Boys
08rMCq2ek1YjdDBsCPVH2s	Amerie
7jy3rLJdDQY21OgRLCZ9sD	Foo Fighters
4lFOyLUXnV2Emuus9X8xpA	Natalie
7xAcVHPiirnUqfdqo0USb1	Fantasia
6O2zJ0tId7g07yzHtX0yap	Mobb Deep
0yqDXjskTQI1nj9bH6W9Ze	Brooke Valentine
2ht3wxeT69CzyKFChNnNAB	Big Boi
01lz5VBfkMFDteSA9pKJuP	The Click Five
3C4t1usFGoKHCSRdujm2GN	Ryan Cabrera
1J2VVASYAamtQ3Bt8wGgA6	Ja Rule
5rkVyNGXEgeUqKkB5ccK83	Ashanti
7urq0VfqxEYEEiZUkebXT4	112
1wvlC6NwleHt1iRD6d5X2C	Foxy Brown
25NQNriVT2YbSW80ILRWJa	Faith Hill
45a6gCQWq61lIUDmr1tKuO	Bun B
1G9G7WwrXka3Z1r7aIDjI7	Outkast
7Dnu2NmddNymEI2LMZVH5v	Sleepy Brown
2MqhkhX4npxDZ62ObR5ELO	Hoobastank
4BIQA9vRkqXEnA2twmq7mU	Mario Winans
6uothxMWeLWIhsGeF7cyo4	Enya
4Js9eYwAf9rypNtV8pNSw9	Petey Pablo
2BvzbqWWwLN11XGBYgDZzx	Terror Squad
4JMR34sJ8DghoiLOuIllCZ	remy
1Zz5UxfKSSqc6hpa3xJPCw	J-Kwon
0rG0AZBscc8S8q1ahIsasI	JUVENILE
6tBnRI3ubWYclKSbGvGtKd	Soulja Slim
6vbY3hOaCAhC7VjucswgdS	Twista
4Q5sPmM8j4SpMqL4UA1DtS	Lil' Flip
4tAhhPPEWcszcMjhYROUvx	Lea
6eBYLQONaYZhZNAVK061t6	Nina Sky
3cbRMYnjXAwJYNzxy291JY	Jabba
4eAOcbAXIF4BmbN6E1QIlw	Christina Milian
5UdPkKWd8YNR5xGcmqH9QJ	Jason Weaver
1GaBsp1ICIp1e6udgE7fba	Kevin Lyttle
2RUW6D53228zMHAXjaQI8f	Spragga Benz
4TKTii6gnOnUXQHyuo9JaD	Sheryl Crow
4sbB4Yy6Qig51pKCIKSLw3	Jaheim
7i0Z1tzWVamskO8eLnZ3Kx	Miri Ben-Ari
3WilJWdCNLSU7fpYjiKb7v	Cassidy
7vWlb4pM85jCHvV771qZZW	Tony! Toni! Toné!
302jOsgU7aZW71XhLem57k	Jermaine Paul
2mpeljBig2IXLXRAFO9AAs	Dido
4aSEmLLxLX9wR5aLMllOKj	Los Lonely Boys
0cQbJU1aAzvbEmTuljWLlF	No Doubt
4hqDqHtBlgxXpLXVYf7c8L	Ashlee Simpson
2x8KDZdSONA3872CnhaAlX	Styles P
4gpDA7R5796e6zbvZxGNga	Shawnna
1lE6SEy8f84Zhjvp7r8yTD	Syleena Johnson
2tFN9ubMXEhdAQvdQxcsma	Jessica Simpson
6S58b0fr8TkWrEHOH4tRVu	Switchfoot
5yCd7bxcAc3MdQ1h54ESsD	Houston
0qziYi2GvPoLPnchRMQdxk	I-20
0H0yrKDty3I7pPrNUSH3wW	Ruben Studdard
3vDUJHQtqT3jFRZ2ECXDTi	Lloyd Banks
7Aq8lpLMSt1Zxu56pe9bmp	Jagged Edge
5Qi4Bb7a8C0a00NZcA77L0	D12
02QYcz7JjwzKiKGHg53rZY	Sasha
4RPAm27zZnyxkEEpdWmrd0	Jeremy Harding
110deyrdzDK0DIuHPeQgKL	Murray Elias
5pnbUBPifNnlusY8kTBivi	Jadakiss
2DzRMyWgjuMbYvt5BLbpCo	Anthony Hamilton
1y20PpXw0yeuJ1avCD0Ob9	Eamon
0AunegKKH2ys98aLxq8G1A	Avant
1P8IfcNKwrkQP5xJWuhaOC	LL COOL J
2OqENqJFXPORP4BUGnu2Qq	Youngbloodz
6nzxy2wXs6tLgzEtqOkEi2	Monica
6QEAuf6FEo9WJ3sm2vpJ5m	Alex Band
5ypxebeHEIXjMtJb17uJlI	Jet
7FgMLbnZVrEnir95O0YujA	Five For Fighting
480i0t8YiGc2aoOR6BeLAb	Nick Cannon
4mxWe1mtYIYfP040G38yvS	Alan Jackson
4L3GTE04bW5N7azA9QPhjA	Beenie Man
72cbi5bA8U2sMttAnKIaen	Ms. Thing
6evKD5JWJON3qPBJtUEmtY	G-Unit
3zTOe1BtyTkwNvYZOxXktX	Joe
0IdYRFTswLdsGwSnzOaGNF	Gretchen Wilson
7mPcfx7PhnBh6n4HMCd61A	John Michael Montgomery
3Ngh2zDBRPEriyxQDAMKd1	Matchbox Twenty
0urTpYCsixqZwgNTkPJOJ4	Aaliyah
07W0YfsvHM7Mw7Bq48Mb0A	Murphy Lee
7JXCJDLGh1k9cg6JbYCpYl	Flipmode Squad
51d3rUlLuMh7EW09aMe7yj	B2K
0le01dl1WllSHhjEXRl4in	Tamia
5wBDD4FNJvob5fAGkAIQ92	Lil' Mo
15qg3Tr23aMVGAruYtlMdg	Mike Shorey
5rScKX1Sh1U67meeUyTGwk	Michelle Branch
3kc5AFnL1TQQdNaMdSW2UO	Wayne Wonder
25IG9fa7cbdmCIy3OnuH57	The Chicks
15Dh5PvHQj909E0RgAe0aN	Nivea
1Zgn8DDi8ema6uKufbQOdG	Brian Casey
6pw5ePxlLPN87ikxsFHsvZ	Brandon Casey
7k5N7JJKEPUPQfK8whGITe	Ali
6kD993mKIytiN9sE6VyRfa	Kyjuan
1IO0GVa1xjkFMXsg66FiE9	Lumidee
6CxZzQFUTM6AzgluGwtq5w	Charlie Wilson
13aBWT8LN4oNWWGFOu96MA	Clay Aiken
1UdQqCUR7RwB9YYJONwbdM	Trapt
7r8RF1tN2A4CiGEplkp1oP	Ginuwine
5e4Dhzv426EvQe3aDb64jL	Shania Twain
20qISvAhX20dpIbOOzGK3q	Nas
2X1VgNqQOiSbkyel3a9rjK	Lady Saw
11hIqBsGRPztdjBHCSLClX	Daniel Bedingfield
6lHL3ubAMgSasKjNqKb8HF	Mýa
3qbnxnvUqR14MJ9g8QwZJK	Lonestar
5DqmNLPM1kAbSBQk2FMm6b	Amanda Perez
3dXaa6jwM7B52GZpaJEIr5	Puddle Of Mudd
6FbDoZnMBTdhhhLuJBOOqP	Jewel
5W5bDNCqJ1jbCgTxDD0Cb3	Willie Nelson
7IfculRW2WXyzNQ8djX8WX	Erykah Badu
2GHclqNVjqGuiE5mA7BEoc	Common
1ZwdS5xdxEREPySFridCfh	2Pac
0dlwjJe4kg9TgOMN184bJF	Mark Wills
2sBv30RzdeMVPoBXbzjIo5	Young Gunz
0XKOBt59crntr7HQXXO8Yz	Brooks & Dunn
4zIBkSJcqRp4ADuFI94WvO	Darryl Worley
4mwXUEKaW4ftbncf9Hi58l	Tank
23wEWD21D4TPYiJugoXmYb	Thalia
2ziB7fzrXBoh1HUPS6sVFn	Audioslave
2Kx7MNY7cI1ENniW7vT30N	Norah Jones
5jNmxPYz8QE5rYp4GDil8t	Dina Rae
0un6YenPxWZ2VW4aFGMupM	Floetry
5aMmmNxw4vgpc5XC6hK0zp	The Calling
5ILrArfIV0tMURcHJN8Q07	Vanessa Carlton
1pYxANcOtFZSECxACjmCE8	Cadillac Tah
3Ayl7mCk0nScecqOzvNp6s	Jimmy Eat World
2gie1bU1LwnxdFAJoTLjzT	Loon
3syIAcIriqzXKN77IwQnWB	Tammy Ruggieri
43sZBwHjahUvgbx1WNIkIz	Creed
5mNloTgSaf5qCyk48t9NSP	Josey Scott
4nCzT3o7lMgCWBcmdwCMsT	Default
6v0jNVxRKCvjwXIU2SuqKo	Cory Rooney
7M8EwIpyu0mZ9oA8sqcsWj	Poke and Tone
7iMvwE8qANp3aIfAGKEAwS	Cam'ron
4z4m1P0iX2nRSPDBEZ8LBT	DJ Sammy
5SWX583ExJOL7cv8572Crs	Yanou
7sQECgfT3RtfL0RZWK63Wg	Do
6UuT0BJZ9vF8Y1sxXnJl2s	Bounty Killer
6Ff53KvcvAj5U7Z1vojB5o	*NSYNC
4GMgdB3vwbBOc42hbXEi9p	N.O.R.E.
6zDBeei6hHRiZdAJ6zoTCo	Tweet
0HCeK90YUyjWi0utTPYXw1	Truth Hurts
3PyWEKLWI0vHPmoNrIX0QE	Rakim
6xzdpjZ5OURzMdpjCFW008	Charli Baltimore
3ot6fEzKvRrCnWy5BWlnxU	Vita
4RVnAU35WRWra6OZ3CbbMA	Kylie Minogue
3UVRliakQfa1pMWIsNuiZ8	Musiq Soulchild
0UeVxCKyBypjQvDCT889zt	Mr. Cheeks
4jWGfUCFeTu5e0wprRhHXR	Big Tymers
2JyWXPbkqI5ZJa3gwqVa0c	Craig David
6EjZmcZTs67OVOG511gGn3	Freekey Zeekey
02ehFoytLUjat0JMYpYsml	Toya
3LIJJJkO7R5RasRwt7xIn5	Mystikal
2d3VHzlOEwXvmBdS4pzOPL	LeAnn Rimes
1Ee45qXHKmDXfUeFWUCalR	Graham Stack
5NDMothbpdpq2xHqSjrrWn	Faith Evans
7cp62T0Av3mTgy0imKzat7	D'N'D Productions
05oH07COxkXKIMt6mIPRee	Brandy
6VJqy1YyzrK4ZhgGs9cNTy	Angie Martinez
7bbJOUpJk7Y8Pkr2fCtDsc	Sacario
2N4EYkIlG1kv25g6Wv8LGI	Killer Mike
0LlPal5iJGcCWwZp8VefVs	City High
5aEWnrN8h3MhuFUPRfaVuy	Case
2sil8z5kiy4r76CRTXxBCA	The Goo Goo Dolls
2IkHcHKErbWa0TA14yHkbl	Dirty Vegas
0iYwcf0XreyCAswJOJMOII	Steve Holy
2MGT7CYlixSPxAnnkhLpaA	Next
4S9EykWXhStSc15wEx8QFK	Céline Dion
5vngPClqofybhPERIqQMYd	George Strait
6ogn9necmbUdCppmNnGOdi	Alanis Morissette
6cStgiv1qH5z6GYrFsjuGj	Toya
4qwGe91Bz9K2T8jXTZ815W	Janet Jackson
5gznATMVO85ZcLTkE9ULU7	Lenny Kravitz
6vytZ677lz4LzCrUDcDokM	Blu Cantrell
5EvFsr3kj42KNv97ZEnqij	Shaggy
67wCYxOq4A1ohAs7jWYaOJ	Rik Rok
1f7DyDtA0IwtD0f9NLf4P6	Allen Gordon
5KDIH2gF0VpelTqyQS7udb	Staind
1oqC0QCUYf3c2pPB8h5EAj	Rayvon
3L2SIGZah4QZSvN4wC8rHl	City Spud
3YcBF2ttyueytpXtEzn1Za	Incubus
5glaXGC2Bpd4z4HsVhzhjN	Dream
4iSKnRZAxkmqNok6tv10Se	Crazy Town
6pk6yWYNSFNHkngDZPvjEL	Vita
738OS3zrCO782uDiUN9pet	Lee Ann Womack
3OsRAKCvk37zwYcnzRf5XF	Moby
05RZIdfz59ZW2FvFuwnmNK	K-Ci & JoJo
4zKhX6hYCQPNs406umP9Fx	O-Town
5Z3tsYTS1kfBUfGjCLXmqy	Boo
4AX9k5ERS9sFbH7XPl1y4J	Gotti
4uN3DsfENc7dp0OLO0FEIb	Sugar Ray
7Ey4PD4MYsKc5I2dolUwbH	Aerosmith
1xeZcY93inQY14LWwnxd5G	Evan And Jaron
7slfeZO9LsJbWgpkIoXBUJ	Ricky Martin
0HNGrIbq1ZNO2mTp3tMW4L	S Club
0hnmRa5ahunapQbPjKUbMK	Sunshine Anderson
2TI7qyDE0QfyOlnbtfDo7L	Dave Matthews Band
2lFHVcUeJ9Gq6AZiU3ZAOa	3LW
2AXQzJRDvlJrq0fiVAnRy8	Lil' Romeo
51Blml2LZPmy7TTiAg47vQ	U2
545idYhdloaSlLGBY8E9u2	Cameo
53QzNeFpzAaXYnrDBbDrIp	The Isley Brothers
5rNhVm2CnqiO5Lv4Dt2lck	Jessica Andrews
2VX0o9LDIVmKIgpnwdJpOJ	Erick Sermon
3koiLjNrgRTNbOwViDipeA	Marvin Gaye
0kuEP1E9k3WBEwMKwEmp9u	Willa Ford
0svyIX7Xu3DVMkrOtB88i6	Diamond Rio
2M4Yt7oKGoYd0wqU44k4i2	Travis Tritt
4Eqd24yS5YcxI8b6Xfuwr8	Eve 6
48VMsTwTzdzKc1aKcMnIbH	Eden's Crush
0tRRrNLQY5rejEDVSjy4w3	Debelah Morgan
16HCiYXoNdjZDdKPaH03b8	Bravehearts
0EyuKHE1AeE9lWUF8mzKVp	Fuel
782IpIScTpnDhYb9hyxOu1	The Product G&B
6Hizgjo92FnMp8wGaRUNTn	Vertical Horizon
3NRFinRTEqUCfaTTZmk8ek	Savage Garden
3X458ddYA2YcVWuVIGGOYe	Toni Braxton
6x9QLdzo6eBZxJ1bHsDkjg	Sisqo
6k0IBR0lU42s2GYpNX7kA9	Brian McKnight
4wLXwxDeWQ8mtUIRPxGiD6	Marc Anthony
0iVrCROxeyon7MZUW3MfzT	Montell Jordan
4ylR3zwA0zaapAu94fktwa	Macy Gray
1nSRa2YjjFWJLHGKM07oGQ	Blaque
7y1GT7SdgGiFLWoktv2TSw	BBMAK
5xtqw2B8z8JGfDYi2eAZHI	Sonique
306JHpIRGVaQd6OltnOzUO	Nine Days
7liFhc0PDIx8etigqd2WhW	Ruff Endz
6FBDaR13swtiWwGhX1WQsP	blink-182
6TcnmlCSxihzWOQJ8k0rNS	Third Eye Blind
6V03b3Y36lolYP2orXn8mV	98º
6XpaIBNiVzIetEPCWDvAFP	Whitney Houston
2iEvnFsWxR0Syqu2JNopAd	Smash Mouth
64rxQRJsLgZwHHyWKB8fiF	Eiffel 65
5ENS85nZShljwNgg4wFD7D	Gabry Ponte
0Ty63ceoRnnJKVEYP0VQpk	Sting
6vZXamchcIOKzC1c3Elp4J	Cheb Mami
694QW15WkebjcrWgQHzRYF	Everclear
01WjpKiWVNurV5hjIadB8C	Filter
6ZhjJOJXXwnPS8PrXdmjLw	UGK
1qyAl8T6GTcaOViaI7fs1j	Son By Four
6I6t21SFbxZ7RbQgD5dN7U	Carl Thomas
5KNqYrivNgVCHBssEUSu5B	Donell Jones
64ccradw8gAQn9gMQZmEha	"Lisa ""Left Eye"" Lopes"
6hYrBYtoVGArYJcqvYxN4r	SoulDecision
1HwM5zlC5qNWhJtM00yXzG	DMX
3ltFy7g6KKQPPttsdOMlq3	Jo Dee Messina
5Z1CCuBsyhEHngq3U5IraY	Westlife
24VF2kZrBFn1WvJ5oF1SRf	Chad Brock
0ThrQemMA2B8xxusTUl8IM	Kandi
2tbvDi9eXf9XXp06LupkED	Alice Deejay
1pJhCUTEZhR4nYeemYlkVz	JT Money
3an8oUQQJYhvsqS59GQrqR	Kevon Edmonds
1FizW0swe8ODtXvEOHXbHX	LFO
5z2cHsOmmmWcAPNG1oEhw0	Xscape
7L12TqJ0fbwtFljTbwfwRI	Samantha Mumba
12Kgt2eahvxNWhD5PnSUde	Mary Mary
2yNNYQBChuox9A5Ka93BIn	HUNTR/X
0RMJOzHDhAKY1o2j0W0vxY	EJAE
0Wwji82sLA0Hcvtuak3omb	AUDREY NUNA
6U1dV7aL68N7Gb0Naq34V5	REI AMI
7mW7Tv7NvywKKXqafZo0Lc	KPop Demon Hunters Cast
0fTSzq9jAh4c36UVb4V7CB	Alex Warren
5RTLRtXjbXI2lSXc6jxlAz	Ravyn Lenae
0BJ2EjOqcfgFvlZXNKrNbE	Saja Boys
7JBaynR7JFeniONqbnn1U4	Andrew Choi
5bXNU0MAF2HSqyFPhYtscH	Neckwav
11pXvO7wYuzRWYONDOBd33	Danny Chung
2RYonYiVhhzBz82UFXOvEN	KEVIN WOO
1eDupbD9kIx8UaZlzcBG5r	samUIL Lee
0nnBZ8FXWjG9wZgM2cpfeb	Leon Thomas
2DSE0PhxKUmTPLfZm13sup	Rumi
0rIiNDJUesrgFPkYesJmKl	Jinu
4G9NDjRyZFDlJKMRL8hx3S	sombr
6qxpnaukVayrQn6ViNvu9I	BigXthaPlug
7HO5fOXE4gh3lzZn64tX2E	Mariah the Scientist
2QMsj4XJ7ne2hojxt6v5eb	Riley Green
3eVa5w3URK5duf6eyVDbu9	ROSÉ
0cGUm45nv7Z6M6qdXYQGTX	Kehlani
340PS4ZcZ4UCBgyrXzEjcp	Max McNown
1VPmR4DJC1PlOtd0IADAO0	$uicideboy$
08ct2eZF5lUPdJpHwNKWof	Hootie & The Blowfish
4V8LLVI7PbaPR0K2TGSxFF	Tyler, The Creator
2hVWBpjLW4Q7fboYz2pVYK	MOLIY
2myuqB0gKAo75dE2eSWgzt	Silent Addy
5FkUhnHQ0KC63549LHHtst	Skillibeng
1OFOShsIbhy1l5x73yuVyB	Shenseea
41MozSoPIsD1dJM0CLPjZF	BLACKPINK
0C4gtx1iHMfuaQ73GKWvtZ	Hudson Westbrook
3aly4xJOy3LVznzvRIvFYC	F1 The Album
7n2Ycct7Beij7Dj7meI4X0	TWICE
5Kmr0b3ip8g9P2i0dLTC3Z	Disco Lines
1scVfBymTr3CeZ4imMj1QJ	Forrest Frank
6BRxQ8cD3eqnrVj6WKDok8	Ella Langley
0guOtxDAwFFEGGCxrbW5KF	The Figs
1ZMJSCQw8DIefcLb1FIpY0	Los Dareyes De La Sierra
1bdnGJxkbIIys5Jhk1T74v	Brandon Lake
4iJLPqClelZOBCBifm8Fzv	Pierce The Veil
5QdEbQJ3ylBnc3gsIASAT5	G Herbo
23DYJsw4uSCguIqiTIDtcN	Southside
4uqHgaeBynLBQgfhMEIm1G	PLUTO
0W1zQBUWnDofTkc0APdaog	YKNIECE
5v2WhpA59TJSdPh7LCx1lN	BONES
